relation,cause,target,lag,graph_mark,p_value,val
physical→surrogate,f10_7_center81,surrogate_white_noise_4,0,-->,0.00789994407958932,-0.028255442577273065
physical→surrogate,f10_7_center81,surrogate_sine_11p4yr_3,0,-->,0.005735416662289607,0.03129699106091092
physical→surrogate,ap_avg,surrogate_white_noise_1,37,-->,0.012995804470421679,0.028307250316816836
physical→surrogate,ap_avg,surrogate_white_noise_1,44,-->,0.02552357322791576,-0.025451792434396877
physical→surrogate,ap_avg,surrogate_white_noise_1,130,-->,0.04172776715034921,-0.023115689066129017
physical→surrogate,ap_avg,surrogate_white_noise_1,170,-->,0.0075205011682429245,-0.03036751768434836
physical→surrogate,ap_avg,surrogate_white_noise_2,5,-->,0.009618136962094685,-0.029450366107974562
physical→surrogate,ap_avg,surrogate_white_noise_2,84,-->,0.049552892725345535,0.022361577565055493
physical→surrogate,ap_avg,surrogate_white_noise_2,142,-->,0.010370631188583238,-0.02914107731438332
physical→surrogate,ap_avg,surrogate_white_noise_3,104,-->,0.04035489048126066,0.02331222222339266
physical→surrogate,ap_avg,surrogate_white_noise_4,24,-->,0.01987055103605626,-0.02652480773428859
physical→surrogate,ap_avg,surrogate_white_noise_4,80,-->,0.0036627746821323364,-0.033036350024390364
physical→surrogate,ap_avg,surrogate_white_noise_4,169,-->,0.04946334273365016,0.022370371518709308
physical→surrogate,ap_avg,surrogate_white_noise_5,1,-->,0.023550646013458746,0.02570827661415053
physical→surrogate,ap_avg,surrogate_white_noise_5,60,-->,0.02023375608726612,-0.026368836889736947
physical→surrogate,ap_avg,surrogate_white_noise_5,105,-->,0.026004021958842768,0.02527274936569629
physical→surrogate,ap_avg,surrogate_sine_6mo_1,8,-->,0.009923892993807236,0.029339037913781632
physical→surrogate,ap_avg,surrogate_sine_6mo_1,57,-->,0.019432030301666244,0.02659406693127998
physical→surrogate,ap_avg,surrogate_sine_6mo_1,111,-->,0.02688247071453839,-0.025184481916101634
physical→surrogate,ap_avg,surrogate_sine_6mo_1,130,-->,0.004996532279957151,-0.03192654968600867
physical→surrogate,ap_avg,surrogate_sine_6mo_1,132,-->,0.009799750565065999,0.029377062516836555
physical→surrogate,ap_avg,surrogate_sine_6mo_2,19,-->,0.03948571347544935,0.023418978667149874
physical→surrogate,ap_avg,surrogate_sine_6mo_2,107,-->,0.004560087125069577,-0.03223266860120754
physical→surrogate,ap_avg,surrogate_sine_6mo_2,146,-->,0.03325066395945032,-0.024187794065905443
physical→surrogate,ap_avg,surrogate_sine_6mo_2,164,-->,0.015189218591801956,0.027591808819336896
physical→surrogate,ap_avg,surrogate_sine_6mo_3,3,-->,0.03491427868043985,-0.023944057585398797
physical→surrogate,ap_avg,surrogate_sine_6mo_3,147,-->,0.02112456977210672,0.026149158028178316
physical→surrogate,ap_avg,surrogate_sine_11p4yr_1,81,-->,0.048575856173080426,0.023899250660061752
physical→surrogate,ap_avg,surrogate_sine_11p4yr_3,63,-->,0.00914440439651433,-0.03160999964412511
physical→surrogate,co2_ppm,surrogate_sine_11p4yr_1,0,-->,0.034588054751689204,0.04260749497603537
physical→surrogate,co2_ppm,surrogate_sine_11p4yr_2,28,-->,0.04481882887669012,-0.04218978300542078
physical→surrogate,log10rho_325_daily_mean,surrogate_white_noise_4,3,-->,0.0477084288529896,0.02119029753001841
physical→surrogate,log10rho_325_daily_mean,surrogate_white_noise_4,128,-->,0.026605428674161217,-0.02373068373230649
physical→surrogate,log10rho_325_daily_mean,surrogate_sine_6mo_1,87,-->,0.017811290992611705,0.025336558652922885
physical→surrogate,log10rho_825_daily_mean,surrogate_white_noise_1,176,-->,0.02209315653553521,0.024471928506811923
physical→surrogate,log10rho_825_daily_mean,surrogate_white_noise_3,20,-->,0.01269486840458135,0.02660401493089956
surrogate→physical,surrogate_white_noise_1,ap_avg,110,-->,0.0428382739686534,0.023064449272188786
surrogate→physical,surrogate_white_noise_1,log10rho_825_daily_mean,0,-->,0.04403998910227311,0.021531738143882775
surrogate↔surrogate,surrogate_white_noise_1,surrogate_white_noise_1,37,-->,0.03064618597892314,0.02308140315694713
surrogate↔surrogate,surrogate_white_noise_1,surrogate_white_noise_1,39,-->,0.004693361056375834,-0.030183520775767272
surrogate↔surrogate,surrogate_white_noise_1,surrogate_white_noise_1,47,-->,0.00645500579827991,0.02908428577684275
surrogate↔surrogate,surrogate_white_noise_1,surrogate_white_noise_1,78,-->,0.0013735216534752368,0.03416504536567022
surrogate↔surrogate,surrogate_white_noise_1,surrogate_white_noise_1,92,-->,0.01620538739503153,-0.025671226463487653
surrogate↔surrogate,surrogate_white_noise_1,surrogate_white_noise_1,162,-->,0.013184388550157284,-0.026469358638697035
surrogate↔surrogate,surrogate_white_noise_1,surrogate_white_noise_2,1,-->,0.001998303067722418,-0.03300986476072204
surrogate↔surrogate,surrogate_white_noise_1,surrogate_white_noise_2,56,-->,0.0018663607890010792,-0.03322581291556612
surrogate↔surrogate,surrogate_white_noise_1,surrogate_white_noise_2,87,-->,0.007765252127195088,0.02843796302527856
surrogate↔surrogate,surrogate_white_noise_1,surrogate_white_noise_3,0,o-o,0.028547753449974667,-0.0234154476665502
surrogate↔surrogate,surrogate_white_noise_1,surrogate_white_noise_3,17,-->,0.027517117725075587,-0.02354143095695845
surrogate↔surrogate,surrogate_white_noise_1,surrogate_white_noise_3,54,-->,0.03179625239172157,-0.022928680157898406
surrogate↔surrogate,surrogate_white_noise_1,surrogate_white_noise_3,100,-->,0.019318995464738142,-0.0249809138343243
surrogate↔surrogate,surrogate_white_noise_1,surrogate_white_noise_3,101,-->,0.027737556547701207,-0.023508069143441078
surrogate↔surrogate,surrogate_white_noise_1,surrogate_white_noise_3,108,-->,0.036975346784002744,-0.02228071521834699
surrogate↔surrogate,surrogate_white_noise_1,surrogate_white_noise_3,115,-->,0.0032950057586475247,0.031386792135499296
surrogate↔surrogate,surrogate_white_noise_1,surrogate_white_noise_3,129,-->,0.023802067886737645,-0.024138830424194034
surrogate↔surrogate,surrogate_white_noise_1,surrogate_white_noise_3,137,-->,0.0033444791457428063,-0.03133744868346617
surrogate↔surrogate,surrogate_white_noise_1,surrogate_white_noise_3,164,-->,0.01025492647747499,0.02741885247309773
surrogate↔surrogate,surrogate_white_noise_1,surrogate_white_noise_4,25,-->,0.005312988972891179,0.029803205399821578
surrogate↔surrogate,surrogate_white_noise_1,surrogate_white_noise_4,59,-->,0.010342109811031825,0.027417226857833953
surrogate↔surrogate,surrogate_white_noise_1,surrogate_white_noise_4,107,-->,0.017414880593972278,-0.02542685565820834
surrogate↔surrogate,surrogate_white_noise_1,surrogate_white_noise_5,19,-->,0.0031969602211462814,-0.031404324939114166
surrogate↔surrogate,surrogate_white_noise_1,surrogate_white_noise_5,20,-->,0.02242287233382522,-0.02432977835093411
surrogate↔surrogate,surrogate_white_noise_1,surrogate_white_noise_5,105,-->,0.0012029700926313974,0.034501924202313475
surrogate↔surrogate,surrogate_white_noise_1,surrogate_white_noise_5,106,-->,0.029617721119247205,0.023178301177951135
surrogate↔surrogate,surrogate_white_noise_1,surrogate_white_noise_5,126,-->,0.023513231951329098,0.02413656855856673
surrogate↔surrogate,surrogate_white_noise_1,surrogate_white_noise_5,134,-->,0.006714571726915883,0.028885796838336305
surrogate↔surrogate,surrogate_white_noise_1,surrogate_white_noise_5,161,-->,0.015037959107999758,0.025912928690076113
surrogate↔surrogate,surrogate_white_noise_1,surrogate_white_noise_5,162,-->,0.0017238298531217877,0.033393644843378194
surrogate↔surrogate,surrogate_white_noise_1,surrogate_white_noise_5,177,-->,0.039295681075718694,-0.021962891405181498
surrogate↔surrogate,surrogate_white_noise_1,surrogate_sine_6mo_1,61,-->,0.0028446413784795066,0.03187902504500863
surrogate↔surrogate,surrogate_white_noise_1,surrogate_sine_6mo_1,89,-->,0.025447745717565782,-0.02387321079440864
surrogate↔surrogate,surrogate_white_noise_1,surrogate_sine_6mo_1,114,-->,0.012730694669120518,0.026613052072066146
surrogate↔surrogate,surrogate_white_noise_1,surrogate_sine_6mo_1,115,-->,0.007690456382264295,-0.02847598241674677
surrogate↔surrogate,surrogate_white_noise_1,surrogate_sine_6mo_2,56,-->,0.0034015176942143737,-0.03125821076056989
surrogate↔surrogate,surrogate_white_noise_1,surrogate_sine_6mo_2,66,-->,0.014488314770926948,0.026093391317423872
surrogate↔surrogate,surrogate_white_noise_1,surrogate_sine_6mo_2,68,-->,0.03685776080536604,0.02227808280553724
surrogate↔surrogate,surrogate_white_noise_1,surrogate_sine_6mo_2,85,-->,0.013711255808867843,-0.02630332315165512
surrogate↔surrogate,surrogate_white_noise_1,surrogate_sine_6mo_2,151,-->,0.024604434072435583,0.023989010626686274
surrogate↔surrogate,surrogate_white_noise_1,surrogate_sine_6mo_2,165,-->,0.015857707741986662,-0.025743997881453533
surrogate↔surrogate,surrogate_white_noise_1,surrogate_sine_6mo_3,98,-->,0.024702938621024653,0.023924922446881526
surrogate↔surrogate,surrogate_white_noise_1,surrogate_sine_6mo_3,114,-->,0.010166636401444447,0.02737599787357252
surrogate↔surrogate,surrogate_white_noise_1,surrogate_sine_11p4yr_1,64,-->,0.013356774112013017,-0.028195928920495716
surrogate↔surrogate,surrogate_white_noise_1,surrogate_sine_11p4yr_1,78,-->,0.01802676081432196,-0.026955431971406093
surrogate↔surrogate,surrogate_white_noise_1,surrogate_sine_11p4yr_1,101,-->,0.021962969432196496,0.02610993966631031
surrogate↔surrogate,surrogate_white_noise_1,surrogate_sine_11p4yr_2,11,-->,0.017713865390105017,-0.028724780169828573
surrogate↔surrogate,surrogate_white_noise_1,surrogate_sine_11p4yr_2,38,-->,0.01553836555141593,0.0293408165675463
surrogate↔surrogate,surrogate_white_noise_1,surrogate_sine_11p4yr_2,91,-->,0.0187294197310496,-0.028524754675918636
surrogate↔surrogate,surrogate_white_noise_1,surrogate_sine_11p4yr_3,49,-->,0.0037220247544178554,-0.0330433788428201
surrogate↔surrogate,surrogate_white_noise_1,surrogate_sine_11p4yr_3,76,-->,0.017044029946542326,-0.027182313228931044
surrogate→physical,surrogate_white_noise_2,ap_avg,16,-->,0.014765518673641505,0.027747633824567287
surrogate→physical,surrogate_white_noise_2,ap_avg,88,-->,0.0057588863183708995,0.031421336003682125
surrogate→physical,surrogate_white_noise_2,ap_avg,115,-->,0.03962339691862664,0.023428432041433526
surrogate→physical,surrogate_white_noise_2,ap_avg,134,-->,0.0013818023353215753,0.03641017693505848
surrogate→physical,surrogate_white_noise_2,ap_avg,160,-->,0.0007044839979380849,0.038549752687570916
surrogate→physical,surrogate_white_noise_2,log10rho_325_daily_mean,4,-->,0.01640837066557007,-0.025660681968520553
surrogate↔surrogate,surrogate_white_noise_2,surrogate_white_noise_1,15,-->,0.020612541384010793,0.024775125619961542
surrogate↔surrogate,surrogate_white_noise_2,surrogate_white_noise_1,112,-->,0.033812888366683135,0.022660149868062862
surrogate↔surrogate,surrogate_white_noise_2,surrogate_white_noise_2,34,-->,0.011659080601597233,0.026958831932468102
surrogate↔surrogate,surrogate_white_noise_2,surrogate_white_noise_2,109,-->,0.012316397088018866,-0.026756661934867712
surrogate↔surrogate,surrogate_white_noise_2,surrogate_white_noise_2,123,-->,0.002237628605934049,0.03266633918647151
surrogate↔surrogate,surrogate_white_noise_2,surrogate_white_noise_2,155,-->,0.005810927212996937,-0.029483198543275108
surrogate↔surrogate,surrogate_white_noise_2,surrogate_white_noise_2,156,-->,0.01882981814993507,0.02510737570960395
surrogate↔surrogate,surrogate_white_noise_2,surrogate_white_noise_3,10,-->,0.002291260778928042,-0.03258298468535535
surrogate↔surrogate,surrogate_white_noise_2,surrogate_white_noise_3,30,-->,0.009231253997663062,-0.02781229636245017
surrogate↔surrogate,surrogate_white_noise_2,surrogate_white_noise_3,47,-->,0.01946119831281666,-0.0249673178484471
surrogate↔surrogate,surrogate_white_noise_2,surrogate_white_noise_3,65,-->,0.01499372767061409,-0.025990800581584463
surrogate↔surrogate,surrogate_white_noise_2,surrogate_white_noise_3,80,-->,0.006554322300659503,0.02904532206209439
surrogate↔surrogate,surrogate_white_noise_2,surrogate_white_noise_3,102,-->,0.03188726041186731,0.0229295706487347
surrogate↔surrogate,surrogate_white_noise_2,surrogate_white_noise_3,140,-->,0.0013776012162840165,-0.03418320816531464
surrogate↔surrogate,surrogate_white_noise_2,surrogate_white_noise_3,153,-->,0.02482732978391861,-0.02397922741572033
surrogate↔surrogate,surrogate_white_noise_2,surrogate_white_noise_3,176,-->,0.03359991656215956,0.02270543837663969
surrogate↔surrogate,surrogate_white_noise_2,surrogate_white_noise_4,66,-->,0.04022250925531106,0.021930235299582664
surrogate↔surrogate,surrogate_white_noise_2,surrogate_white_noise_4,78,-->,0.02408917037368017,0.024096536159104818
surrogate↔surrogate,surrogate_white_noise_2,surrogate_white_noise_4,84,-->,0.002165494822819972,0.03274868016203358
surrogate↔surrogate,surrogate_white_noise_2,surrogate_white_noise_4,100,-->,0.020554522962945944,0.02475248585896967
surrogate↔surrogate,surrogate_white_noise_2,surrogate_white_noise_4,119,-->,0.02030163592708418,-0.024829201619160832
surrogate↔surrogate,surrogate_white_noise_2,surrogate_white_noise_4,132,-->,0.001856524409076672,-0.033293785595647926
surrogate↔surrogate,surrogate_white_noise_2,surrogate_white_noise_4,162,-->,0.01863565877028691,-0.02517160821839634
surrogate↔surrogate,surrogate_white_noise_2,surrogate_white_noise_5,87,-->,0.008499425275023637,0.0280557542720485
surrogate↔surrogate,surrogate_white_noise_2,surrogate_white_noise_5,154,-->,0.02220916481959389,-0.024381062853084137
surrogate↔surrogate,surrogate_white_noise_2,surrogate_sine_6mo_1,93,-->,0.02645350380883131,0.023723314083553496
surrogate↔surrogate,surrogate_white_noise_2,surrogate_sine_6mo_1,109,-->,0.037567813962068326,-0.022230368214487355
surrogate↔surrogate,surrogate_white_noise_2,surrogate_sine_6mo_1,127,-->,0.014529362817777596,0.026119718145628808
surrogate↔surrogate,surrogate_white_noise_2,surrogate_sine_6mo_1,149,-->,0.007379442873026571,0.028635349415393477
surrogate↔surrogate,surrogate_white_noise_2,surrogate_sine_6mo_1,166,-->,0.036435572529716784,-0.02236389259863167
surrogate↔surrogate,surrogate_white_noise_2,surrogate_sine_6mo_2,0,o-o,0.012301800878751904,0.0267306169167316
surrogate↔surrogate,surrogate_white_noise_2,surrogate_sine_6mo_2,29,-->,0.006190726628066276,-0.029228020825384064
surrogate↔surrogate,surrogate_white_noise_2,surrogate_sine_6mo_2,43,-->,0.011668633632293096,0.02692654745976467
surrogate↔surrogate,surrogate_white_noise_2,surrogate_sine_6mo_2,51,-->,0.02957425676977829,-0.023234666987428418
surrogate↔surrogate,surrogate_white_noise_2,surrogate_sine_6mo_2,117,-->,0.0013576540561310003,-0.03420271037358985
surrogate↔surrogate,surrogate_white_noise_2,surrogate_sine_6mo_2,132,-->,0.016411632545251475,-0.025623306157040414
surrogate↔surrogate,surrogate_white_noise_2,surrogate_sine_6mo_3,65,-->,0.013660172764910314,-0.026281695457223444
surrogate↔surrogate,surrogate_white_noise_2,surrogate_sine_6mo_3,100,-->,0.02861757901321758,0.023322641891881313
surrogate↔surrogate,surrogate_white_noise_2,surrogate_sine_11p4yr_1,56,-->,0.025396606492721754,0.02548041208013185
surrogate↔surrogate,surrogate_white_noise_2,surrogate_sine_11p4yr_2,22,-->,0.001963765669275635,0.03755613391705361
surrogate↔surrogate,surrogate_white_noise_2,surrogate_sine_11p4yr_2,174,-->,0.016604847973463496,-0.029068385888127952
surrogate↔surrogate,surrogate_white_noise_2,surrogate_sine_11p4yr_3,5,-->,0.011662212913668264,0.02875124367641282
surrogate→physical,surrogate_white_noise_3,ap_avg,18,-->,0.004570900823554395,-0.032238650637792146
surrogate→physical,surrogate_white_noise_3,ap_avg,104,-->,0.006108853556787346,-0.031221784697151356
surrogate→physical,surrogate_white_noise_3,log10rho_825_daily_mean,96,-->,0.024724533857474407,0.024015530761095433
surrogate↔surrogate,surrogate_white_noise_3,surrogate_white_noise_1,4,-->,0.03521921873677273,-0.022522920054509836
surrogate↔surrogate,surrogate_white_noise_3,surrogate_white_noise_1,33,-->,0.0026090498804722047,0.032206390013400574
surrogate↔surrogate,surrogate_white_noise_3,surrogate_white_noise_1,36,-->,0.012063054323083685,-0.026809148850378467
surrogate↔surrogate,surrogate_white_noise_3,surrogate_white_noise_1,40,-->,0.004735725569009865,-0.03021658113115118
surrogate↔surrogate,surrogate_white_noise_3,surrogate_white_noise_1,89,-->,0.00030856258644675077,-0.0385954218850038
surrogate↔surrogate,surrogate_white_noise_3,surrogate_white_noise_1,128,-->,0.014804689827062168,-0.026071111022890968
surrogate↔surrogate,surrogate_white_noise_3,surrogate_white_noise_1,153,-->,0.007445739227420208,0.028585388064563226
surrogate↔surrogate,surrogate_white_noise_3,surrogate_white_noise_1,163,-->,0.016969827143966016,0.025508335410879525
surrogate↔surrogate,surrogate_white_noise_3,surrogate_white_noise_1,174,-->,0.023225205719852274,-0.024222622666355487
surrogate↔surrogate,surrogate_white_noise_3,surrogate_white_noise_2,41,-->,0.004336159199926066,-0.030454710634815918
surrogate↔surrogate,surrogate_white_noise_3,surrogate_white_noise_2,97,-->,0.02066148654032587,0.024730187229205284
surrogate↔surrogate,surrogate_white_noise_3,surrogate_white_noise_2,145,-->,0.017205292144985732,0.025455637149770446
surrogate↔surrogate,surrogate_white_noise_3,surrogate_white_noise_2,156,-->,0.0013103005856197206,-0.034337090367418256
surrogate↔surrogate,surrogate_white_noise_3,surrogate_white_noise_2,161,-->,0.019696859519621798,-0.02492062849533024
surrogate↔surrogate,surrogate_white_noise_3,surrogate_white_noise_2,177,-->,0.00199138602339925,0.03303404918450025
surrogate↔surrogate,surrogate_white_noise_3,surrogate_white_noise_2,180,-->,0.0036791404986195966,-0.031036053457721414
surrogate↔surrogate,surrogate_white_noise_3,surrogate_white_noise_3,28,-->,0.014803579477118576,-0.026023795432520556
surrogate↔surrogate,surrogate_white_noise_3,surrogate_white_noise_3,42,-->,0.018685288011416664,0.025117938172321354
surrogate↔surrogate,surrogate_white_noise_3,surrogate_white_noise_3,104,-->,0.0032597433030602785,0.03142416779967866
surrogate↔surrogate,surrogate_white_noise_3,surrogate_white_noise_4,17,-->,0.030451122033341622,0.023142798034738322
surrogate↔surrogate,surrogate_white_noise_3,surrogate_white_noise_4,64,-->,0.025663228478244697,0.023862844355628236
surrogate↔surrogate,surrogate_white_noise_3,surrogate_white_noise_4,112,-->,0.03328372725181601,-0.02273439114799971
surrogate↔surrogate,surrogate_white_noise_3,surrogate_white_noise_4,116,-->,0.014593803110746751,0.026086271709513338
surrogate↔surrogate,surrogate_white_noise_3,surrogate_white_noise_4,126,-->,0.010091900792003495,0.02749381343688934
surrogate↔surrogate,surrogate_white_noise_3,surrogate_white_noise_4,139,-->,0.03223380349359176,-0.022906953575196093
surrogate↔surrogate,surrogate_white_noise_3,surrogate_white_noise_5,5,-->,0.021123207379780747,-0.02456825802115657
surrogate↔surrogate,surrogate_white_noise_3,surrogate_white_noise_5,58,-->,0.044064239746022194,0.021459460231853654
surrogate↔surrogate,surrogate_white_noise_3,surrogate_white_noise_5,63,-->,0.018478516134243984,-0.025110598218595483
surrogate↔surrogate,surrogate_white_noise_3,surrogate_white_noise_5,145,-->,0.03794962817096418,0.02211922948438852
surrogate↔surrogate,surrogate_white_noise_3,surrogate_white_noise_5,170,-->,0.03140002454204437,-0.022936366533330043
surrogate↔surrogate,surrogate_white_noise_3,surrogate_sine_6mo_1,12,-->,0.002037068000446344,0.03295830729640747
surrogate↔surrogate,surrogate_white_noise_3,surrogate_sine_6mo_1,18,-->,0.03880243043735246,-0.022076007344015207
surrogate↔surrogate,surrogate_white_noise_3,surrogate_sine_6mo_1,21,-->,0.010381923811498207,-0.027385755689996533
surrogate↔surrogate,surrogate_white_noise_3,surrogate_sine_6mo_1,68,-->,0.0001513059580778592,0.040404493586217026
surrogate↔surrogate,surrogate_white_noise_3,surrogate_sine_6mo_1,92,-->,0.026867156122755528,0.023643855294454768
surrogate↔surrogate,surrogate_white_noise_3,surrogate_sine_6mo_1,118,-->,0.02427852166354384,0.02406849844265404
surrogate↔surrogate,surrogate_white_noise_3,surrogate_sine_6mo_1,160,-->,0.007384380471153892,-0.028624783186354866
surrogate↔surrogate,surrogate_white_noise_3,surrogate_sine_6mo_2,22,-->,0.034138091172096575,0.022612511244961074
surrogate↔surrogate,surrogate_white_noise_3,surrogate_sine_6mo_2,26,-->,0.03439023160053482,0.02258209725405544
surrogate↔surrogate,surrogate_white_noise_3,surrogate_sine_6mo_2,51,-->,0.025812161158842193,-0.023789922765569682
surrogate↔surrogate,surrogate_white_noise_3,surrogate_sine_6mo_2,90,-->,0.010189823509371,-0.027426782049447877
surrogate↔surrogate,surrogate_white_noise_3,surrogate_sine_6mo_2,129,-->,0.001106255012058873,0.034819021846579847
surrogate↔surrogate,surrogate_white_noise_3,surrogate_sine_6mo_2,136,-->,0.015676673579203854,0.025793034748256182
surrogate↔surrogate,surrogate_white_noise_3,surrogate_sine_6mo_2,140,-->,0.026222004146870863,0.023731401853825437
surrogate↔surrogate,surrogate_white_noise_3,surrogate_sine_6mo_2,151,-->,0.004061602569796231,0.030670633243652424
surrogate↔surrogate,surrogate_white_noise_3,surrogate_sine_6mo_2,152,-->,0.0054920540381235,-0.02963745520796362
surrogate↔surrogate,surrogate_white_noise_3,surrogate_sine_6mo_2,174,-->,0.012263334183536295,-0.026733302154129935
surrogate↔surrogate,surrogate_white_noise_3,surrogate_sine_6mo_3,30,-->,0.025442113169333834,-0.023803588922628748
surrogate↔surrogate,surrogate_white_noise_3,surrogate_sine_6mo_3,58,-->,0.014919132040376717,0.025931753751115196
surrogate↔surrogate,surrogate_white_noise_3,surrogate_sine_6mo_3,73,-->,0.008353759211669625,-0.028095951248884508
surrogate↔surrogate,surrogate_white_noise_3,surrogate_sine_6mo_3,79,-->,0.006003022418594423,-0.02926928060323944
surrogate↔surrogate,surrogate_white_noise_3,surrogate_sine_6mo_3,113,-->,0.004091905287011692,-0.030586385290325806
surrogate↔surrogate,surrogate_white_noise_3,surrogate_sine_11p4yr_1,99,-->,0.02111180223442836,0.02627538671545352
surrogate↔surrogate,surrogate_white_noise_3,surrogate_sine_11p4yr_1,101,-->,0.022721233652330423,0.025956025303925403
surrogate↔surrogate,surrogate_white_noise_3,surrogate_sine_11p4yr_1,113,-->,0.007351684709241796,-0.0305328348564922
surrogate↔surrogate,surrogate_white_noise_3,surrogate_sine_11p4yr_1,172,-->,0.005683132576053377,0.02950352421190059
surrogate↔surrogate,surrogate_white_noise_3,surrogate_sine_11p4yr_2,51,-->,0.021041021498736903,0.027977096315508047
surrogate↔surrogate,surrogate_white_noise_3,surrogate_sine_11p4yr_2,167,-->,0.00019102328227594274,0.04518552786288185
surrogate↔surrogate,surrogate_white_noise_3,surrogate_sine_11p4yr_3,0,-->,0.013886728007461288,0.02803175630508644
surrogate→physical,surrogate_white_noise_4,ap_avg,8,-->,0.034628118981131696,0.02405011329828279
surrogate→physical,surrogate_white_noise_4,ap_avg,68,-->,0.009879592413676957,0.029392788775888596
surrogate→physical,surrogate_white_noise_4,ap_avg,90,-->,0.039092641355954624,-0.023525256450548364
surrogate→physical,surrogate_white_noise_4,ap_avg,146,-->,0.04867276994539321,-0.02247775575259745
surrogate↔surrogate,surrogate_white_noise_4,surrogate_white_noise_1,93,-->,0.008465875983344952,-0.028205042363207807
surrogate↔surrogate,surrogate_white_noise_4,surrogate_white_noise_1,135,-->,0.035571543110185615,-0.022517129700462532
surrogate↔surrogate,surrogate_white_noise_4,surrogate_white_noise_1,158,-->,0.02917983272576738,-0.023300578030769126
surrogate↔surrogate,surrogate_white_noise_4,surrogate_white_noise_2,15,-->,0.022128704875546037,-0.02446679543729971
surrogate↔surrogate,surrogate_white_noise_4,surrogate_white_noise_2,39,-->,0.002524624674613433,-0.032250367880620294
surrogate↔surrogate,surrogate_white_noise_4,surrogate_white_noise_2,42,-->,0.009890964334670686,0.027550797416908746
surrogate↔surrogate,surrogate_white_noise_4,surrogate_white_noise_2,107,-->,0.032220534972912065,0.022913959483610122
surrogate↔surrogate,surrogate_white_noise_4,surrogate_white_noise_2,112,-->,0.02076218880722074,-0.024740295812662655
surrogate↔surrogate,surrogate_white_noise_4,surrogate_white_noise_3,174,-->,0.02708718316224663,-0.02363955033467359
surrogate↔surrogate,surrogate_white_noise_4,surrogate_white_noise_4,1,-->,0.002266404896017296,-0.0325752185744528
surrogate↔surrogate,surrogate_white_noise_4,surrogate_white_noise_4,12,-->,0.008263515246441127,-0.028216929983460044
surrogate↔surrogate,surrogate_white_noise_4,surrogate_white_noise_4,32,-->,0.04839549450063212,-0.02113616733467296
surrogate↔surrogate,surrogate_white_noise_4,surrogate_white_noise_4,141,-->,0.030090225158770325,-0.02320396317487593
surrogate↔surrogate,surrogate_white_noise_4,surrogate_white_noise_4,142,-->,0.0032207285625027097,-0.03151432286803549
surrogate↔surrogate,surrogate_white_noise_4,surrogate_white_noise_4,179,-->,0.003399613814190881,-0.031363834754081436
surrogate↔surrogate,surrogate_white_noise_4,surrogate_white_noise_5,66,-->,0.03621381653300423,0.022352174894304702
surrogate↔surrogate,surrogate_white_noise_4,surrogate_white_noise_5,90,-->,0.02317649501622559,0.024227051561068372
surrogate↔surrogate,surrogate_white_noise_4,surrogate_white_noise_5,91,-->,0.022145426811125125,-0.02441353309782179
surrogate↔surrogate,surrogate_white_noise_4,surrogate_white_noise_5,123,-->,0.003293507772033423,-0.03136147846023443
surrogate↔surrogate,surrogate_white_noise_4,surrogate_white_noise_5,170,-->,0.0348031155407007,0.02252419473026568
surrogate↔surrogate,surrogate_white_noise_4,surrogate_sine_6mo_1,23,-->,0.004864234720986586,0.030119543147733963
surrogate↔surrogate,surrogate_white_noise_4,surrogate_sine_6mo_1,79,-->,0.007480070900744287,0.0285689236221584
surrogate↔surrogate,surrogate_white_noise_4,surrogate_sine_6mo_1,105,-->,0.018424488452425808,0.025201042503758986
surrogate↔surrogate,surrogate_white_noise_4,surrogate_sine_6mo_1,110,-->,0.01572292010530804,-0.02583167362532223
surrogate↔surrogate,surrogate_white_noise_4,surrogate_sine_6mo_1,130,-->,0.025215804651187026,0.02394387412987889
surrogate↔surrogate,surrogate_white_noise_4,surrogate_sine_6mo_1,133,-->,0.015044105734882579,-0.026007531213421902
surrogate↔surrogate,surrogate_white_noise_4,surrogate_sine_6mo_1,150,-->,0.02092250226169034,0.024706435311339606
surrogate↔surrogate,surrogate_white_noise_4,surrogate_sine_6mo_1,165,-->,0.013116482132991854,0.026538995888756668
surrogate↔surrogate,surrogate_white_noise_4,surrogate_sine_6mo_2,0,o-o,0.039850918774397746,0.02193240024026448
surrogate↔surrogate,surrogate_white_noise_4,surrogate_sine_6mo_2,16,-->,0.0024173516367789615,-0.032392285989988605
surrogate↔surrogate,surrogate_white_noise_4,surrogate_sine_6mo_2,55,-->,0.008514921470054764,0.02811795479251858
surrogate↔surrogate,surrogate_white_noise_4,surrogate_sine_6mo_2,61,-->,0.026946322582787643,-0.023643739740610233
surrogate↔surrogate,surrogate_white_noise_4,surrogate_sine_6mo_2,63,-->,0.027697202562311826,0.023528926667918348
surrogate↔surrogate,surrogate_white_noise_4,surrogate_sine_6mo_2,78,-->,0.007300571287838892,-0.028672128124185667
surrogate↔surrogate,surrogate_white_noise_4,surrogate_sine_6mo_2,95,-->,0.01333791348310468,-0.026446363755265063
surrogate↔surrogate,surrogate_white_noise_4,surrogate_sine_6mo_3,4,-->,0.031169433642480867,0.022987253127404416
surrogate↔surrogate,surrogate_white_noise_4,surrogate_sine_6mo_3,30,-->,0.011033283962141425,-0.027108285350429744
surrogate↔surrogate,surrogate_white_noise_4,surrogate_sine_6mo_3,113,-->,0.005000811343984527,0.02993708682986018
surrogate↔surrogate,surrogate_white_noise_4,surrogate_sine_11p4yr_2,63,-->,0.03577042819367871,0.025449838188277348
surrogate↔surrogate,surrogate_white_noise_4,surrogate_sine_11p4yr_2,67,-->,0.048090600837493516,-0.023968595578913208
surrogate↔surrogate,surrogate_white_noise_4,surrogate_sine_11p4yr_2,78,-->,0.0002659559549856294,-0.04421841819900066
surrogate↔surrogate,surrogate_white_noise_4,surrogate_sine_11p4yr_3,40,-->,0.01289131221982458,0.028351034092711783
surrogate↔surrogate,surrogate_white_noise_4,surrogate_sine_11p4yr_3,68,-->,0.009951408527014503,0.02938527904338843
surrogate↔surrogate,surrogate_white_noise_4,surrogate_sine_11p4yr_3,78,-->,0.012118015159890914,0.028610262519491968
surrogate↔surrogate,surrogate_white_noise_4,surrogate_sine_11p4yr_3,166,-->,0.00874923472667841,0.029896588727449387
surrogate↔surrogate,surrogate_white_noise_4,surrogate_sine_11p4yr_3,169,-->,0.019676432297464283,0.02660294955245783
surrogate→physical,surrogate_white_noise_5,ap_avg,53,-->,0.002661094381727038,-0.03414743805355482
surrogate→physical,surrogate_white_noise_5,ap_avg,64,-->,0.033969227171604895,-0.024077615480893242
surrogate→physical,surrogate_white_noise_5,log10rho_325_daily_mean,140,-->,0.0482462970649154,0.021105507397271284
surrogate↔surrogate,surrogate_white_noise_5,surrogate_white_noise_1,31,-->,0.014540296989454386,0.026084064210196357
surrogate↔surrogate,surrogate_white_noise_5,surrogate_white_noise_1,57,-->,0.012699575955309052,-0.026551224782578365
surrogate↔surrogate,surrogate_white_noise_5,surrogate_white_noise_1,68,-->,0.014932997392996814,0.025932587804575826
surrogate↔surrogate,surrogate_white_noise_5,surrogate_white_noise_1,89,-->,0.03827598703365394,-0.022076799403561335
surrogate↔surrogate,surrogate_white_noise_5,surrogate_white_noise_1,98,-->,0.007985613497237573,-0.028264761897211735
surrogate↔surrogate,surrogate_white_noise_5,surrogate_white_noise_1,151,-->,0.017800849053228172,0.025296972891146616
surrogate↔surrogate,surrogate_white_noise_5,surrogate_white_noise_2,0,-->,0.010321548503343828,0.027340342865353775
surrogate↔surrogate,surrogate_white_noise_5,surrogate_white_noise_2,5,-->,0.002927266187564406,-0.03171666285390607
surrogate↔surrogate,surrogate_white_noise_5,surrogate_white_noise_2,91,-->,0.016748367515088677,0.025503159065780896
surrogate↔surrogate,surrogate_white_noise_5,surrogate_white_noise_2,102,-->,0.030514502301178713,-0.023064186696823013
surrogate↔surrogate,surrogate_white_noise_5,surrogate_white_noise_2,131,-->,0.003046406840503584,0.031586053704848176
surrogate↔surrogate,surrogate_white_noise_5,surrogate_white_noise_2,138,-->,0.028671659079873964,0.02332664897490766
surrogate↔surrogate,surrogate_white_noise_5,surrogate_white_noise_3,37,-->,0.0057726616577651,0.029413989648580288
surrogate↔surrogate,surrogate_white_noise_5,surrogate_white_noise_3,51,-->,0.002104683515617688,-0.032768531599768495
surrogate↔surrogate,surrogate_white_noise_5,surrogate_white_noise_3,70,-->,0.00826313507642243,-0.028146505367188934
surrogate↔surrogate,surrogate_white_noise_5,surrogate_white_noise_3,123,-->,0.01694271063295296,0.025450771705430454
surrogate↔surrogate,surrogate_white_noise_5,surrogate_white_noise_3,125,-->,0.0036832879182465555,-0.030949349589064132
surrogate↔surrogate,surrogate_white_noise_5,surrogate_white_noise_3,142,-->,0.007700429205885146,0.028400101868683032
surrogate↔surrogate,surrogate_white_noise_5,surrogate_white_noise_3,143,-->,0.01735791677481151,-0.025354386080292956
surrogate↔surrogate,surrogate_white_noise_5,surrogate_white_noise_3,160,-->,0.019969770738707572,0.024797664855713435
surrogate↔surrogate,surrogate_white_noise_5,surrogate_white_noise_3,171,-->,0.01534910876366403,0.025833790389453232
surrogate↔surrogate,surrogate_white_noise_5,surrogate_white_noise_4,0,-->,0.037341834658191006,-0.02221615785662045
surrogate↔surrogate,surrogate_white_noise_5,surrogate_white_noise_4,17,-->,0.004245576820457217,-0.03050711998466712
surrogate↔surrogate,surrogate_white_noise_5,surrogate_white_noise_4,46,-->,0.006283433027299855,0.02915586947202116
surrogate↔surrogate,surrogate_white_noise_5,surrogate_white_noise_4,50,-->,0.02565366694156617,-0.02381134012382012
surrogate↔surrogate,surrogate_white_noise_5,surrogate_white_noise_4,76,-->,0.021054651094755197,0.024614896319427267
surrogate↔surrogate,surrogate_white_noise_5,surrogate_white_noise_4,79,-->,0.0033491650801216735,0.031298911396497105
surrogate↔surrogate,surrogate_white_noise_5,surrogate_white_noise_4,88,-->,0.02704455589187967,-0.023589526791777858
surrogate↔surrogate,surrogate_white_noise_5,surrogate_white_noise_5,3,-->,0.009640214254022879,-0.027524735743764604
surrogate↔surrogate,surrogate_white_noise_5,surrogate_white_noise_5,23,-->,0.010620133719856487,-0.027166908991283923
surrogate↔surrogate,surrogate_white_noise_5,surrogate_white_noise_5,35,-->,0.04276372361641782,0.02154409622140992
surrogate↔surrogate,surrogate_white_noise_5,surrogate_white_noise_5,64,-->,0.010583089319735341,-0.02718444512733193
surrogate↔surrogate,surrogate_white_noise_5,surrogate_white_noise_5,94,-->,0.035060603366022264,-0.022413368047454117
surrogate↔surrogate,surrogate_white_noise_5,surrogate_white_noise_5,102,-->,0.027506402726365817,-0.023441658994424873
surrogate↔surrogate,surrogate_white_noise_5,surrogate_white_noise_5,138,-->,0.0011186632517073242,-0.0346513031285733
surrogate↔surrogate,surrogate_white_noise_5,surrogate_white_noise_5,149,-->,0.004594013571992848,0.030139983115102176
surrogate↔surrogate,surrogate_white_noise_5,surrogate_sine_6mo_1,0,x-x,0.04921190995183818,-0.02096750285513349
surrogate↔surrogate,surrogate_white_noise_5,surrogate_sine_6mo_1,21,-->,0.02113512912387016,0.024577150710042305
surrogate↔surrogate,surrogate_white_noise_5,surrogate_sine_6mo_1,22,-->,0.005194212977220383,-0.029784529566778982
surrogate↔surrogate,surrogate_white_noise_5,surrogate_sine_6mo_1,44,-->,0.040957380321694326,-0.02179168491396072
surrogate↔surrogate,surrogate_white_noise_5,surrogate_sine_6mo_1,62,-->,0.0423308546636806,0.02164310666641735
surrogate↔surrogate,surrogate_white_noise_5,surrogate_sine_6mo_1,95,-->,0.029774472954572122,0.023165268119280075
surrogate↔surrogate,surrogate_white_noise_5,surrogate_sine_6mo_1,116,-->,0.007887578355713945,-0.02832040177499951
surrogate↔surrogate,surrogate_white_noise_5,surrogate_sine_6mo_1,119,-->,0.005179170155960007,-0.029801287408655057
surrogate↔surrogate,surrogate_white_noise_5,surrogate_sine_6mo_2,129,-->,0.0020636608307225885,-0.032810519498835046
surrogate↔surrogate,surrogate_white_noise_5,surrogate_sine_6mo_2,174,-->,0.0003556609105952495,-0.03802806566924604
surrogate↔surrogate,surrogate_white_noise_5,surrogate_sine_6mo_3,38,-->,0.03656667774281599,0.022222897330572026
surrogate↔surrogate,surrogate_white_noise_5,surrogate_sine_6mo_3,48,-->,0.003624454650287802,-0.030920591366661365
surrogate↔surrogate,surrogate_white_noise_5,surrogate_sine_6mo_3,128,-->,0.010141819020019921,0.027329255235757955
surrogate↔surrogate,surrogate_white_noise_5,surrogate_sine_11p4yr_1,0,o-o,0.007533895370168492,0.028447663129707968
surrogate↔surrogate,surrogate_white_noise_5,surrogate_sine_11p4yr_1,110,-->,0.04145500309284406,-0.02318849230384334
surrogate↔surrogate,surrogate_white_noise_5,surrogate_sine_11p4yr_2,25,-->,0.011578640722340347,-0.030559212121626576
surrogate↔surrogate,surrogate_white_noise_5,surrogate_sine_11p4yr_2,146,-->,0.03526354412974684,0.025484470551840242
surrogate↔surrogate,surrogate_white_noise_5,surrogate_sine_11p4yr_3,70,-->,0.012263918641946366,0.028475129746517197
surrogate↔surrogate,surrogate_white_noise_5,surrogate_sine_11p4yr_3,149,-->,0.0029413116981212026,-0.03380870026097851
surrogate↔surrogate,surrogate_sine_6mo_1,surrogate_white_noise_1,59,-->,0.018544811123798934,-0.025150766978654808
surrogate↔surrogate,surrogate_sine_6mo_1,surrogate_white_noise_1,108,-->,0.036209567312525656,-0.02236287400846056
surrogate↔surrogate,surrogate_sine_6mo_1,surrogate_white_noise_1,120,-->,0.04676692493345478,0.0212418032750423
surrogate↔surrogate,surrogate_sine_6mo_1,surrogate_white_noise_1,121,-->,0.018678325177422583,0.025174039947533394
surrogate↔surrogate,surrogate_sine_6mo_1,surrogate_white_noise_1,131,-->,0.015655314579755737,0.025867688110806506
surrogate↔surrogate,surrogate_sine_6mo_1,surrogate_white_noise_1,148,-->,0.011828974561542482,-0.026893670586073136
surrogate↔surrogate,surrogate_sine_6mo_1,surrogate_white_noise_2,5,-->,0.012989526055697526,-0.026551756330927698
surrogate↔surrogate,surrogate_sine_6mo_1,surrogate_white_noise_2,17,-->,0.002755882256374536,0.0319915761770136
surrogate↔surrogate,surrogate_sine_6mo_1,surrogate_white_noise_2,18,-->,0.010510375490515367,0.027341679493303177
surrogate↔surrogate,surrogate_sine_6mo_1,surrogate_white_noise_2,23,-->,0.020595288742783168,-0.024745927793433965
surrogate↔surrogate,surrogate_sine_6mo_1,surrogate_white_noise_2,49,-->,0.02004042275952364,-0.0248584737607612
surrogate↔surrogate,surrogate_sine_6mo_1,surrogate_white_noise_2,72,-->,0.020460047962098788,0.024776673111771202
surrogate↔surrogate,surrogate_sine_6mo_1,surrogate_white_noise_2,73,-->,0.03527689431874818,-0.022504246224261868
surrogate↔surrogate,surrogate_sine_6mo_1,surrogate_white_noise_2,95,-->,0.00681673709242441,0.028922877967857245
surrogate↔surrogate,surrogate_sine_6mo_1,surrogate_white_noise_2,100,-->,0.027356923754502774,0.0235846610241707
surrogate↔surrogate,surrogate_sine_6mo_1,surrogate_white_noise_2,140,-->,0.010716232013351855,0.02727735003422859
surrogate↔surrogate,surrogate_sine_6mo_1,surrogate_white_noise_2,173,-->,0.011817891025257803,0.026911024261299245
surrogate↔surrogate,surrogate_sine_6mo_1,surrogate_white_noise_3,24,-->,0.003465483340244715,-0.031226631724637126
surrogate↔surrogate,surrogate_sine_6mo_1,surrogate_white_noise_3,35,-->,0.0008921497578098468,-0.03549463602312449
surrogate↔surrogate,surrogate_sine_6mo_1,surrogate_white_noise_3,44,-->,0.040898926228449886,-0.021843978122658318
surrogate↔surrogate,surrogate_sine_6mo_1,surrogate_white_noise_3,49,-->,0.004510333983624084,0.03034165714321572
surrogate↔surrogate,surrogate_sine_6mo_1,surrogate_white_noise_3,128,-->,0.02077764806525872,0.02470761261345987
surrogate↔surrogate,surrogate_sine_6mo_1,surrogate_white_noise_4,47,-->,0.018283655103788415,-0.025207001978968944
surrogate↔surrogate,surrogate_sine_6mo_1,surrogate_white_noise_4,78,-->,0.021793010481581766,-0.024542881817471024
surrogate↔surrogate,surrogate_sine_6mo_1,surrogate_white_noise_4,118,-->,0.00912468782315001,0.027894599841896663
surrogate↔surrogate,surrogate_sine_6mo_1,surrogate_white_noise_4,133,-->,0.0195970027809284,0.024972342112014455
surrogate↔surrogate,surrogate_sine_6mo_1,surrogate_white_noise_4,138,-->,0.04572295278428697,0.021377845847495396
surrogate↔surrogate,surrogate_sine_6mo_1,surrogate_white_noise_5,35,-->,0.02040430734142781,-0.024722749952996954
surrogate↔surrogate,surrogate_sine_6mo_1,surrogate_white_noise_5,48,-->,0.009665440252523172,-0.02758857358442694
surrogate↔surrogate,surrogate_sine_6mo_1,surrogate_white_noise_5,78,-->,0.015224386844193182,-0.025874159020215767
surrogate↔surrogate,surrogate_sine_6mo_1,surrogate_white_noise_5,108,-->,0.003939528978880502,-0.030736588820389616
surrogate↔surrogate,surrogate_sine_6mo_1,surrogate_white_noise_5,110,-->,0.02640651394755434,-0.023675323986514965
surrogate↔surrogate,surrogate_sine_6mo_1,surrogate_sine_6mo_1,1,-->,0.005522133020721403,-0.02960670433796536
surrogate↔surrogate,surrogate_sine_6mo_1,surrogate_sine_6mo_1,37,-->,0.006652938395846534,-0.02900245829638898
surrogate↔surrogate,surrogate_sine_6mo_1,surrogate_sine_6mo_1,42,-->,0.0144499452936943,-0.02614083881792923
surrogate↔surrogate,surrogate_sine_6mo_1,surrogate_sine_6mo_1,50,-->,0.02110527399431254,-0.024644529807882395
surrogate↔surrogate,surrogate_sine_6mo_1,surrogate_sine_6mo_1,163,-->,0.005642200647310849,-0.029584264480898462
surrogate↔surrogate,surrogate_sine_6mo_1,surrogate_sine_6mo_1,167,-->,0.02478991745351396,0.023993664391037842
surrogate↔surrogate,surrogate_sine_6mo_1,surrogate_sine_6mo_1,176,-->,0.021684026494020365,0.02454075492033338
surrogate↔surrogate,surrogate_sine_6mo_1,surrogate_sine_6mo_2,42,-->,0.04269741196738671,-0.021642950011453436
surrogate↔surrogate,surrogate_sine_6mo_1,surrogate_sine_6mo_2,75,-->,0.01943502267792341,0.024955602687072316
surrogate↔surrogate,surrogate_sine_6mo_1,surrogate_sine_6mo_2,77,-->,0.006958486718244774,-0.02882013951154807
surrogate↔surrogate,surrogate_sine_6mo_1,surrogate_sine_6mo_2,111,-->,0.0026287610592088794,-0.032117674234577266
surrogate↔surrogate,surrogate_sine_6mo_1,surrogate_sine_6mo_3,4,-->,0.029605828557888774,0.023181308844733028
surrogate↔surrogate,surrogate_sine_6mo_1,surrogate_sine_6mo_3,12,-->,0.033853240122868965,0.022608673542650025
surrogate↔surrogate,surrogate_sine_6mo_1,surrogate_sine_6mo_3,36,-->,0.00858923232970754,0.02800494158819705
surrogate↔surrogate,surrogate_sine_6mo_1,surrogate_sine_6mo_3,107,-->,0.032161352028546655,-0.02283313179718487
surrogate↔surrogate,surrogate_sine_6mo_1,surrogate_sine_6mo_3,116,-->,0.013849077770738636,-0.026230734271453265
surrogate↔surrogate,surrogate_sine_6mo_1,surrogate_sine_6mo_3,123,-->,0.017692080492316527,-0.02527941233656194
surrogate↔surrogate,surrogate_sine_6mo_1,surrogate_sine_6mo_3,143,-->,0.0034517781924704605,0.031163435296318712
surrogate↔surrogate,surrogate_sine_6mo_1,surrogate_sine_6mo_3,168,-->,0.02487964369806032,0.023909202319589186
surrogate↔surrogate,surrogate_sine_6mo_1,surrogate_sine_6mo_3,172,-->,0.00036890948908092273,-0.037949694698981
surrogate↔surrogate,surrogate_sine_6mo_1,surrogate_sine_11p4yr_1,45,-->,0.025173533570607226,0.025511021494995425
surrogate↔surrogate,surrogate_sine_6mo_1,surrogate_sine_11p4yr_1,62,-->,0.030318159622007,0.024686274446313904
surrogate↔surrogate,surrogate_sine_6mo_1,surrogate_sine_11p4yr_2,141,-->,0.022543111762117984,0.027684474470485963
surrogate↔surrogate,surrogate_sine_6mo_1,surrogate_sine_11p4yr_2,173,-->,0.003019991251222988,-0.0360016912688992
surrogate↔surrogate,surrogate_sine_6mo_1,surrogate_sine_11p4yr_3,14,-->,0.003401320307188153,0.03337436513090722
surrogate↔surrogate,surrogate_sine_6mo_1,surrogate_sine_11p4yr_3,74,-->,0.03523541665489569,-0.02399490616335256
surrogate↔surrogate,surrogate_sine_6mo_1,surrogate_sine_11p4yr_3,118,-->,0.041471660278274855,-0.023240765510620306
surrogate→physical,surrogate_sine_6mo_2,ap_avg,21,-->,0.04076479727493308,-0.02327972025954558
surrogate→physical,surrogate_sine_6mo_2,ap_avg,41,-->,0.0012740243935680034,-0.0366282843440235
surrogate→physical,surrogate_sine_6mo_2,ap_avg,84,-->,0.030204848160126096,-0.0246440387030662
surrogate→physical,surrogate_sine_6mo_2,ap_avg,162,-->,0.007184368882161202,0.030604578636699794
surrogate→physical,surrogate_sine_6mo_2,ap_avg,176,-->,0.045856861328433335,-0.022734693200354046
surrogate↔surrogate,surrogate_sine_6mo_2,surrogate_white_noise_1,5,-->,0.011907024812042238,0.026836770253693732
surrogate↔surrogate,surrogate_sine_6mo_2,surrogate_white_noise_1,25,-->,0.015250908801260508,0.02593383331999454
surrogate↔surrogate,surrogate_sine_6mo_2,surrogate_white_noise_1,50,-->,0.014002377572587073,-0.026224399963569248
surrogate↔surrogate,surrogate_sine_6mo_2,surrogate_white_noise_1,61,-->,0.01589262038254769,-0.025779525707675794
surrogate↔surrogate,surrogate_sine_6mo_2,surrogate_white_noise_1,69,-->,0.0002974424141384274,-0.03866836878755129
surrogate↔surrogate,surrogate_sine_6mo_2,surrogate_white_noise_1,95,-->,0.012977237967371385,0.026512982928562058
surrogate↔surrogate,surrogate_sine_6mo_2,surrogate_white_noise_1,103,-->,0.0014298589297918561,0.03402379245960968
surrogate↔surrogate,surrogate_sine_6mo_2,surrogate_white_noise_1,104,-->,0.030258574193700323,0.023165729496809045
surrogate↔surrogate,surrogate_sine_6mo_2,surrogate_white_noise_1,117,-->,0.003157672422136064,0.03155980410350792
surrogate↔surrogate,surrogate_sine_6mo_2,surrogate_white_noise_1,147,-->,0.019878520685117373,-0.024847022876033683
surrogate↔surrogate,surrogate_sine_6mo_2,surrogate_white_noise_1,158,-->,0.0018174810803176012,-0.033315089996162714
surrogate↔surrogate,surrogate_sine_6mo_2,surrogate_white_noise_1,159,-->,0.009998397940762271,0.02746711151306914
surrogate↔surrogate,surrogate_sine_6mo_2,surrogate_white_noise_1,168,-->,0.010425697591182075,0.027300099267168212
surrogate↔surrogate,surrogate_sine_6mo_2,surrogate_white_noise_2,41,-->,0.01818630668564701,0.025172199696435506
surrogate↔surrogate,surrogate_sine_6mo_2,surrogate_white_noise_2,42,-->,0.027453256041271776,0.02350292745321471
surrogate↔surrogate,surrogate_sine_6mo_2,surrogate_white_noise_2,96,-->,0.003992056046293558,0.03073755312466132
surrogate↔surrogate,surrogate_sine_6mo_2,surrogate_white_noise_2,116,-->,0.01721199807142657,0.025435234642770074
surrogate↔surrogate,surrogate_sine_6mo_2,surrogate_white_noise_2,153,-->,0.004774993044504198,0.030131425956272724
surrogate↔surrogate,surrogate_sine_6mo_2,surrogate_white_noise_3,29,-->,0.03416676823116992,0.022581896177911922
surrogate↔surrogate,surrogate_sine_6mo_2,surrogate_white_noise_3,101,-->,0.027133967289573603,0.023587864748754316
surrogate↔surrogate,surrogate_sine_6mo_2,surrogate_white_noise_4,53,-->,0.034333885284590054,-0.022614949107435254
surrogate↔surrogate,surrogate_sine_6mo_2,surrogate_white_noise_4,88,-->,0.006700107507158862,-0.028975790192204774
surrogate↔surrogate,surrogate_sine_6mo_2,surrogate_white_noise_4,114,-->,0.011523231804642054,0.02697512756756718
surrogate↔surrogate,surrogate_sine_6mo_2,surrogate_white_noise_5,65,-->,0.03792008099733478,0.022110076633374387
surrogate↔surrogate,surrogate_sine_6mo_2,surrogate_white_noise_5,79,-->,0.007274277944794696,-0.02858398556403088
surrogate↔surrogate,surrogate_sine_6mo_2,surrogate_white_noise_5,172,-->,0.040992150515210254,0.021768149362738534
surrogate↔surrogate,surrogate_sine_6mo_2,surrogate_white_noise_5,177,-->,0.011276853299814784,-0.026989987101882405
surrogate↔surrogate,surrogate_sine_6mo_2,surrogate_sine_6mo_1,6,-->,0.03889524763273595,0.022051672439073133
surrogate↔surrogate,surrogate_sine_6mo_2,surrogate_sine_6mo_1,12,-->,0.0072137537578871,0.028688642805465337
surrogate↔surrogate,surrogate_sine_6mo_2,surrogate_sine_6mo_1,22,-->,0.0012723303436362875,-0.03440360097186282
surrogate↔surrogate,surrogate_sine_6mo_2,surrogate_sine_6mo_1,40,-->,0.013514747447485268,-0.026370477202647936
surrogate↔surrogate,surrogate_sine_6mo_2,surrogate_sine_6mo_1,45,-->,0.0494798637874312,0.020976201832268906
surrogate↔surrogate,surrogate_sine_6mo_2,surrogate_sine_6mo_1,61,-->,0.005108951222420218,0.029887349391910043
surrogate↔surrogate,surrogate_sine_6mo_2,surrogate_sine_6mo_1,80,-->,0.01785255293625245,0.025253889758568567
surrogate↔surrogate,surrogate_sine_6mo_2,surrogate_sine_6mo_1,95,-->,0.03173114738934531,-0.022906089582309164
surrogate↔surrogate,surrogate_sine_6mo_2,surrogate_sine_6mo_1,98,-->,0.0315321297003317,-0.02293416473004715
surrogate↔surrogate,surrogate_sine_6mo_2,surrogate_sine_6mo_1,117,-->,0.0290500165404337,0.02330606528177392
surrogate↔surrogate,surrogate_sine_6mo_2,surrogate_sine_6mo_1,167,-->,0.008005150574273937,0.02831712470970068
surrogate↔surrogate,surrogate_sine_6mo_2,surrogate_sine_6mo_2,12,-->,0.02839066094616219,-0.023353342562346856
surrogate↔surrogate,surrogate_sine_6mo_2,surrogate_sine_6mo_2,50,-->,0.00818047920912846,-0.028208409782465957
surrogate↔surrogate,surrogate_sine_6mo_2,surrogate_sine_6mo_2,66,-->,0.023584137189374094,-0.02414896896684227
surrogate↔surrogate,surrogate_sine_6mo_2,surrogate_sine_6mo_2,160,-->,0.0028303355220899605,-0.03184465190493567
surrogate↔surrogate,surrogate_sine_6mo_2,surrogate_sine_6mo_2,167,-->,0.00938702523872555,0.02770990021224883
surrogate↔surrogate,surrogate_sine_6mo_2,surrogate_sine_6mo_3,80,-->,0.006289540422708341,0.02908960432396906
surrogate↔surrogate,surrogate_sine_6mo_2,surrogate_sine_6mo_3,84,-->,0.021271550735969043,-0.024521990339062157
surrogate↔surrogate,surrogate_sine_6mo_2,surrogate_sine_6mo_3,95,-->,0.01734577562289275,-0.025331252846116693
surrogate↔surrogate,surrogate_sine_6mo_2,surrogate_sine_6mo_3,112,-->,0.020336268814359265,-0.024702465605314586
surrogate↔surrogate,surrogate_sine_6mo_2,surrogate_sine_6mo_3,143,-->,0.01781441568780927,-0.02522793080479889
surrogate↔surrogate,surrogate_sine_6mo_2,surrogate_sine_11p4yr_1,119,-->,0.027677112401197135,-0.025067933057671736
surrogate↔surrogate,surrogate_sine_6mo_2,surrogate_sine_11p4yr_1,144,-->,0.049608628606460814,-0.02235176413773817
surrogate↔surrogate,surrogate_sine_6mo_2,surrogate_sine_11p4yr_1,145,-->,0.0031979925769598924,0.03143002158225123
surrogate↔surrogate,surrogate_sine_6mo_2,surrogate_sine_11p4yr_3,25,-->,0.006455093263444708,-0.031019127714936274
surrogate↔surrogate,surrogate_sine_6mo_2,surrogate_sine_11p4yr_3,83,-->,0.017201981814379003,0.027129567030457276
surrogate↔surrogate,surrogate_sine_6mo_2,surrogate_sine_11p4yr_3,156,-->,0.0011490690882888512,0.03700608671155563
surrogate↔surrogate,surrogate_sine_6mo_2,surrogate_sine_11p4yr_3,165,-->,0.014555595502906886,-0.027808270578058198
surrogate↔surrogate,surrogate_sine_6mo_2,surrogate_sine_11p4yr_3,166,-->,0.004267446883673442,-0.032525000088877536
surrogate→physical,surrogate_sine_6mo_3,ap_avg,10,-->,0.028620753755116003,0.02486982474047157
surrogate→physical,surrogate_sine_6mo_3,ap_avg,106,-->,0.0008902394839177648,0.03775266139360343
surrogate↔surrogate,surrogate_sine_6mo_3,surrogate_white_noise_1,56,-->,0.027831340546935614,-0.023472533034460303
surrogate↔surrogate,surrogate_sine_6mo_3,surrogate_white_noise_1,92,-->,0.008290108581975934,0.028173163994481432
surrogate↔surrogate,surrogate_sine_6mo_3,surrogate_white_noise_2,15,-->,0.03017992216710375,0.02310424261174169
surrogate↔surrogate,surrogate_sine_6mo_3,surrogate_white_noise_2,59,-->,0.03123910824799972,0.022956879428195406
surrogate↔surrogate,surrogate_sine_6mo_3,surrogate_white_noise_2,73,-->,0.03079395031779586,-0.023016429055284466
surrogate↔surrogate,surrogate_sine_6mo_3,surrogate_white_noise_2,76,-->,0.04699257294990469,-0.021172972852638597
surrogate↔surrogate,surrogate_sine_6mo_3,surrogate_white_noise_2,85,-->,0.009321030098916374,0.027710512124608837
surrogate↔surrogate,surrogate_sine_6mo_3,surrogate_white_noise_2,87,-->,0.021529848841669592,-0.024495592927690754
surrogate↔surrogate,surrogate_sine_6mo_3,surrogate_white_noise_2,93,-->,0.009101907793212564,0.02779579218567656
surrogate↔surrogate,surrogate_sine_6mo_3,surrogate_white_noise_2,150,-->,0.012218834464638291,0.026704457872111054
surrogate↔surrogate,surrogate_sine_6mo_3,surrogate_white_noise_2,164,-->,0.02301478385392922,0.02422665674627633
surrogate↔surrogate,surrogate_sine_6mo_3,surrogate_white_noise_2,178,-->,0.017322008761228448,-0.02536395806614213
surrogate↔surrogate,surrogate_sine_6mo_3,surrogate_white_noise_2,180,-->,0.001242660754495627,0.03440905126621635
surrogate↔surrogate,surrogate_sine_6mo_3,surrogate_white_noise_3,6,-->,0.014028346731831988,0.026168164344182666
surrogate↔surrogate,surrogate_sine_6mo_3,surrogate_white_noise_3,33,-->,0.011477994086858529,0.026931599475567003
surrogate↔surrogate,surrogate_sine_6mo_3,surrogate_white_noise_3,43,-->,0.028654913543951038,0.02331320593368788
surrogate↔surrogate,surrogate_sine_6mo_3,surrogate_white_noise_3,102,-->,0.004132956953244992,-0.030552767598108727
surrogate↔surrogate,surrogate_sine_6mo_3,surrogate_white_noise_3,111,-->,0.0014871451016626191,0.03384473497033042
surrogate↔surrogate,surrogate_sine_6mo_3,surrogate_white_noise_3,117,-->,0.03246730746184829,-0.022786280324543946
surrogate↔surrogate,surrogate_sine_6mo_3,surrogate_white_noise_3,125,-->,0.007117300245881303,0.028672926588221546
surrogate↔surrogate,surrogate_sine_6mo_3,surrogate_white_noise_3,166,-->,0.03255936778657958,0.022774196887424318
surrogate↔surrogate,surrogate_sine_6mo_3,surrogate_white_noise_3,168,-->,0.0025222374815294297,-0.03218013074904144
surrogate↔surrogate,surrogate_sine_6mo_3,surrogate_white_noise_4,27,-->,0.003585134644504428,-0.03106402128433118
surrogate↔surrogate,surrogate_sine_6mo_3,surrogate_white_noise_4,64,-->,0.004333939947879163,0.030430444740167567
surrogate↔surrogate,surrogate_sine_6mo_3,surrogate_white_noise_4,78,-->,0.0025949811885414703,-0.03212482184320522
surrogate↔surrogate,surrogate_sine_6mo_3,surrogate_white_noise_4,108,-->,0.03873516177287639,0.022050929516665853
surrogate↔surrogate,surrogate_sine_6mo_3,surrogate_white_noise_4,115,-->,0.0011997863758740283,0.03454332235191185
surrogate↔surrogate,surrogate_sine_6mo_3,surrogate_white_noise_4,137,-->,0.019640052118999447,-0.02488675245113004
surrogate↔surrogate,surrogate_sine_6mo_3,surrogate_white_noise_4,157,-->,0.010958287753836421,-0.027136782344944488
surrogate↔surrogate,surrogate_sine_6mo_3,surrogate_white_noise_5,19,-->,0.029966510054462395,-0.023072690772708484
surrogate↔surrogate,surrogate_sine_6mo_3,surrogate_white_noise_5,59,-->,0.04711996855801405,-0.02110328457165115
surrogate↔surrogate,surrogate_sine_6mo_3,surrogate_white_noise_5,78,-->,0.03558809204296416,0.02234520310232913
surrogate↔surrogate,surrogate_sine_6mo_3,surrogate_white_noise_5,90,-->,0.005328604730440927,0.029617495982530353
surrogate↔surrogate,surrogate_sine_6mo_3,surrogate_white_noise_5,110,-->,0.02608447437060094,0.02365367640589822
surrogate↔surrogate,surrogate_sine_6mo_3,surrogate_white_noise_5,138,-->,0.005731641322144987,-0.02937050825755615
surrogate↔surrogate,surrogate_sine_6mo_3,surrogate_sine_6mo_1,7,-->,0.026521174286326263,-0.023643903764638975
surrogate↔surrogate,surrogate_sine_6mo_3,surrogate_sine_6mo_1,41,-->,0.029537659459679826,-0.023194968094379223
surrogate↔surrogate,surrogate_sine_6mo_3,surrogate_sine_6mo_1,152,-->,0.04657989913576874,0.021210345411034077
surrogate↔surrogate,surrogate_sine_6mo_3,surrogate_sine_6mo_1,160,-->,0.02194240459447427,0.02442167940078256
surrogate↔surrogate,surrogate_sine_6mo_3,surrogate_sine_6mo_2,46,-->,0.02159475208674303,-0.024461229773123892
surrogate↔surrogate,surrogate_sine_6mo_3,surrogate_sine_6mo_2,87,-->,0.002864719421531995,0.03174032954823075
surrogate↔surrogate,surrogate_sine_6mo_3,surrogate_sine_6mo_2,147,-->,0.007146143678269606,0.028639058474783177
surrogate↔surrogate,surrogate_sine_6mo_3,surrogate_sine_6mo_3,42,-->,0.0009699114954353659,0.03504552726739015
surrogate↔surrogate,surrogate_sine_6mo_3,surrogate_sine_6mo_3,53,-->,0.04803187033623901,-0.021010903584922268
surrogate↔surrogate,surrogate_sine_6mo_3,surrogate_sine_6mo_3,79,-->,0.04085813596383489,0.021730887979898594
surrogate↔surrogate,surrogate_sine_6mo_3,surrogate_sine_6mo_3,110,-->,0.008687695782006186,-0.027884561362244518
surrogate↔surrogate,surrogate_sine_6mo_3,surrogate_sine_6mo_3,121,-->,0.023822558260962932,-0.024015092414277624
surrogate↔surrogate,surrogate_sine_6mo_3,surrogate_sine_6mo_3,177,-->,0.02507784924485779,-0.023806335658709786
surrogate↔surrogate,surrogate_sine_6mo_3,surrogate_sine_11p4yr_1,44,-->,0.03456504113525525,-0.02248986922715578
surrogate↔surrogate,surrogate_sine_6mo_3,surrogate_sine_11p4yr_2,97,-->,0.01503308443836596,0.029419283273029357
surrogate↔surrogate,surrogate_sine_6mo_3,surrogate_sine_11p4yr_2,162,-->,0.002218492532225081,0.03700936942245215
surrogate↔surrogate,surrogate_sine_6mo_3,surrogate_sine_11p4yr_2,178,-->,0.028363915148299185,0.0265243208394068
surrogate↔surrogate,surrogate_sine_6mo_3,surrogate_sine_11p4yr_3,22,-->,0.0008472060795408845,0.03791662019673166
surrogate↔surrogate,surrogate_sine_6mo_3,surrogate_sine_11p4yr_3,47,-->,0.004443138513190908,0.03233095130477864
surrogate↔surrogate,surrogate_sine_6mo_3,surrogate_sine_11p4yr_3,106,-->,0.01320742090077459,-0.028164948973253296
surrogate↔surrogate,surrogate_sine_6mo_3,surrogate_sine_11p4yr_3,163,-->,0.009752343801559319,0.029373288422531507
surrogate→physical,surrogate_sine_11p4yr_1,ap_avg,38,-->,0.003161955387845232,0.03353835062017334
surrogate→physical,surrogate_sine_11p4yr_1,ap_avg,105,-->,0.02240036374687088,0.025979003055549687
surrogate↔surrogate,surrogate_sine_11p4yr_1,surrogate_white_noise_1,36,-->,0.012110459447753377,0.026762330094125833
surrogate↔surrogate,surrogate_sine_11p4yr_1,surrogate_white_noise_1,52,-->,0.021342417433388487,0.02459799445285557
surrogate↔surrogate,surrogate_sine_11p4yr_1,surrogate_white_noise_1,73,-->,0.0015235780068082881,-0.03387194636552965
surrogate↔surrogate,surrogate_sine_11p4yr_1,surrogate_white_noise_1,97,-->,0.043251811476629314,0.021560851777853194
surrogate↔surrogate,surrogate_sine_11p4yr_1,surrogate_white_noise_1,160,-->,0.0005981656588937761,0.03657254963022928
surrogate↔surrogate,surrogate_sine_11p4yr_1,surrogate_white_noise_2,2,-->,0.04718813595560845,0.021183123843754637
surrogate↔surrogate,surrogate_sine_11p4yr_1,surrogate_white_noise_2,116,-->,0.005408694426103048,0.029685386413933403
surrogate↔surrogate,surrogate_sine_11p4yr_1,surrogate_white_noise_2,153,-->,0.008457258638755944,-0.028105723359084626
surrogate↔surrogate,surrogate_sine_11p4yr_1,surrogate_white_noise_3,7,-->,0.03512520683200263,-0.022449912674069265
surrogate↔surrogate,surrogate_sine_11p4yr_1,surrogate_white_noise_3,27,-->,0.019149112435824567,0.02496067436918908
surrogate↔surrogate,surrogate_sine_11p4yr_1,surrogate_white_noise_3,31,-->,0.007768777583586153,0.028370041025930357
surrogate↔surrogate,surrogate_sine_11p4yr_1,surrogate_white_noise_3,49,-->,0.01163359376688988,0.026919431313777824
surrogate↔surrogate,surrogate_sine_11p4yr_1,surrogate_white_noise_3,82,-->,0.03958247049856909,-0.021960904289202398
surrogate↔surrogate,surrogate_sine_11p4yr_1,surrogate_white_noise_3,100,-->,0.00017095095078593656,0.04008471184745626
surrogate↔surrogate,surrogate_sine_11p4yr_1,surrogate_white_noise_3,109,-->,0.010482528396434092,-0.027307907488162583
surrogate↔surrogate,surrogate_sine_11p4yr_1,surrogate_white_noise_3,124,-->,0.009587026987060623,-0.02763575357360213
surrogate↔surrogate,surrogate_sine_11p4yr_1,surrogate_white_noise_3,178,-->,0.0007759775320553339,0.03585492121469637
surrogate↔surrogate,surrogate_sine_11p4yr_1,surrogate_white_noise_4,10,-->,0.01235141035823402,0.026691076400123668
surrogate↔surrogate,surrogate_sine_11p4yr_1,surrogate_white_noise_4,35,-->,0.021353855883988866,0.02458740714015197
surrogate↔surrogate,surrogate_sine_11p4yr_1,surrogate_white_noise_4,71,-->,0.003743627955307459,0.03096200538996198
surrogate↔surrogate,surrogate_sine_11p4yr_1,surrogate_white_noise_4,109,-->,0.002935163169515358,-0.03174033558209096
surrogate↔surrogate,surrogate_sine_11p4yr_1,surrogate_white_noise_4,152,-->,0.03642705243393653,-0.022345766879474958
surrogate↔surrogate,surrogate_sine_11p4yr_1,surrogate_white_noise_5,18,-->,0.015578326005573679,0.02574716237863732
surrogate↔surrogate,surrogate_sine_11p4yr_1,surrogate_white_noise_5,100,-->,0.02400623163293775,-0.024025847289499535
surrogate↔surrogate,surrogate_sine_11p4yr_1,surrogate_white_noise_5,119,-->,0.018336340406640325,-0.02511121989990648
surrogate↔surrogate,surrogate_sine_11p4yr_1,surrogate_white_noise_5,141,-->,0.035395649908766806,0.022398996777728247
surrogate↔surrogate,surrogate_sine_11p4yr_1,surrogate_white_noise_5,142,-->,0.008404471348316728,-0.02805498938165146
surrogate↔surrogate,surrogate_sine_11p4yr_1,surrogate_sine_6mo_1,27,-->,0.044481308153811454,0.02144781933684858
surrogate↔surrogate,surrogate_sine_11p4yr_1,surrogate_sine_6mo_1,40,-->,0.00814998958332658,0.02823473439281707
surrogate↔surrogate,surrogate_sine_11p4yr_1,surrogate_sine_6mo_1,72,-->,0.0015481105171955762,-0.03374155863557966
surrogate↔surrogate,surrogate_sine_11p4yr_1,surrogate_sine_6mo_1,133,-->,0.0013540678372002137,-0.034195248010373075
surrogate↔surrogate,surrogate_sine_11p4yr_1,surrogate_sine_6mo_1,153,-->,0.0008037137949733319,-0.03576360038779478
surrogate↔surrogate,surrogate_sine_11p4yr_1,surrogate_sine_6mo_2,59,-->,0.0115836463794481,-0.026917185861534333
surrogate↔surrogate,surrogate_sine_11p4yr_1,surrogate_sine_6mo_2,151,-->,0.006673269926909395,0.028922367567881906
surrogate↔surrogate,surrogate_sine_11p4yr_1,surrogate_sine_6mo_3,15,-->,0.039437387241344456,-0.021918485645132286
surrogate↔surrogate,surrogate_sine_11p4yr_1,surrogate_sine_6mo_3,98,-->,0.010214195102162144,-0.02732779102931977
surrogate↔surrogate,surrogate_sine_11p4yr_1,surrogate_sine_6mo_3,178,-->,0.006690960047505629,-0.028855671257301756
surrogate↔surrogate,surrogate_sine_11p4yr_1,surrogate_sine_11p4yr_1,13,-->,0.01308358569176751,0.028208578793510502
surrogate↔surrogate,surrogate_sine_11p4yr_1,surrogate_sine_11p4yr_1,48,-->,0.013162573203433637,0.02822068610478889
surrogate↔surrogate,surrogate_sine_11p4yr_1,surrogate_sine_11p4yr_1,69,-->,0.021117929990670956,0.024573448781455478
surrogate↔surrogate,surrogate_sine_11p4yr_1,surrogate_sine_11p4yr_1,91,-->,0.0037030190731591264,0.03092801548511474
surrogate↔surrogate,surrogate_sine_11p4yr_1,surrogate_sine_11p4yr_1,100,-->,0.02782955449575138,0.025030463681893555
surrogate↔surrogate,surrogate_sine_11p4yr_1,surrogate_sine_11p4yr_1,158,-->,0.0011312294847235888,0.03704705525243833
surrogate↔surrogate,surrogate_sine_11p4yr_1,surrogate_sine_11p4yr_2,113,-->,0.027761441914873067,0.026641828215734624
surrogate↔surrogate,surrogate_sine_11p4yr_1,surrogate_sine_11p4yr_2,128,-->,0.00910847742565108,0.03156142263605888
surrogate↔surrogate,surrogate_sine_11p4yr_1,surrogate_sine_11p4yr_2,137,-->,0.017398176086153072,0.028792475949786407
surrogate↔surrogate,surrogate_sine_11p4yr_1,surrogate_sine_11p4yr_2,172,-->,0.022763916489133423,0.027544209298523033
surrogate↔surrogate,surrogate_sine_11p4yr_1,surrogate_sine_11p4yr_3,3,-->,0.0020393749027233696,-0.03508156627604091
surrogate↔surrogate,surrogate_sine_11p4yr_1,surrogate_sine_11p4yr_3,27,-->,0.0026777735213092996,-0.034161163251395676
surrogate↔surrogate,surrogate_sine_11p4yr_1,surrogate_sine_11p4yr_3,36,-->,0.021302146086733052,-0.026207831517471903
surrogate↔surrogate,surrogate_sine_11p4yr_1,surrogate_sine_11p4yr_3,53,-->,0.02059913641701873,-0.026343415933665477
surrogate↔surrogate,surrogate_sine_11p4yr_1,surrogate_sine_11p4yr_3,58,-->,0.011476724319750688,-0.028763166405128254
surrogate↔surrogate,surrogate_sine_11p4yr_1,surrogate_sine_11p4yr_3,59,-->,0.013979009331391462,-0.027968386145604887
surrogate↔surrogate,surrogate_sine_11p4yr_1,surrogate_sine_11p4yr_3,69,-->,0.027335037183113715,-0.025111935598788607
surrogate↔surrogate,surrogate_sine_11p4yr_1,surrogate_sine_11p4yr_3,104,-->,0.00330712588004225,-0.03340433282736796
surrogate↔surrogate,surrogate_sine_11p4yr_1,surrogate_sine_11p4yr_3,130,-->,0.004377724967053273,-0.03238248813286465
surrogate↔surrogate,surrogate_sine_11p4yr_1,surrogate_sine_11p4yr_3,143,-->,0.00044844771389129464,-0.03990555641592497
surrogate↔surrogate,surrogate_sine_11p4yr_1,surrogate_sine_11p4yr_3,173,-->,0.027277640354678636,-0.02511640573626745
surrogate→physical,surrogate_sine_11p4yr_2,log10rho_325_daily_mean,18,-->,0.022753807764940973,-0.0276129870153975
surrogate→physical,surrogate_sine_11p4yr_2,log10rho_325_daily_mean,44,-->,0.013045881770148817,-0.030090349093074734
surrogate↔surrogate,surrogate_sine_11p4yr_2,surrogate_white_noise_1,9,-->,0.022912061044398083,-0.02755461191211684
surrogate↔surrogate,surrogate_sine_11p4yr_2,surrogate_white_noise_1,11,-->,0.006678667571533437,0.03290018287936477
surrogate↔surrogate,surrogate_sine_11p4yr_2,surrogate_white_noise_1,49,-->,0.009318874807826833,-0.03152915218771758
surrogate↔surrogate,surrogate_sine_11p4yr_2,surrogate_white_noise_2,3,-->,0.0036923758613425805,0.03522412033275711
surrogate↔surrogate,surrogate_sine_11p4yr_2,surrogate_white_noise_2,63,-->,0.010088789874877505,0.031186112286256267
surrogate↔surrogate,surrogate_sine_11p4yr_2,surrogate_white_noise_2,120,-->,0.013378265000778147,-0.030003642598785105
surrogate↔surrogate,surrogate_sine_11p4yr_2,surrogate_white_noise_3,30,-->,0.0056175236751253,-0.033564712396758324
surrogate↔surrogate,surrogate_sine_11p4yr_2,surrogate_white_noise_3,77,-->,0.004472200893323963,-0.03445213319730836
surrogate↔surrogate,surrogate_sine_11p4yr_2,surrogate_white_noise_3,104,-->,0.039501900122154064,0.024948598769369806
surrogate↔surrogate,surrogate_sine_11p4yr_2,surrogate_white_noise_3,118,-->,0.027426490023739328,0.026715009345005893
surrogate↔surrogate,surrogate_sine_11p4yr_2,surrogate_white_noise_3,143,-->,0.0013120623720373323,0.038916815294792025
surrogate↔surrogate,surrogate_sine_11p4yr_2,surrogate_white_noise_4,28,-->,0.027222834433409154,0.02679160714954599
surrogate↔surrogate,surrogate_sine_11p4yr_2,surrogate_white_noise_4,48,-->,0.0029232929617410536,-0.03608043758045353
surrogate↔surrogate,surrogate_sine_11p4yr_2,surrogate_white_noise_4,116,-->,0.012831985854908691,-0.030161638158904637
surrogate↔surrogate,surrogate_sine_11p4yr_2,surrogate_white_noise_4,120,-->,0.02028556066305872,0.028131670758179995
surrogate↔surrogate,surrogate_sine_11p4yr_2,surrogate_white_noise_4,131,-->,0.029680579787830345,-0.02634655074401566
surrogate↔surrogate,surrogate_sine_11p4yr_2,surrogate_white_noise_5,41,-->,0.024765182462434254,0.027161306473588036
surrogate↔surrogate,surrogate_sine_11p4yr_2,surrogate_white_noise_5,80,-->,0.02174365751004531,-0.027757120753690863
surrogate↔surrogate,surrogate_sine_11p4yr_2,surrogate_white_noise_5,85,-->,0.0026717023289773486,0.03632025718370689
surrogate↔surrogate,surrogate_sine_11p4yr_2,surrogate_sine_6mo_1,73,-->,0.009695776417115656,-0.03135929026255674
surrogate↔surrogate,surrogate_sine_11p4yr_2,surrogate_sine_6mo_2,176,-->,0.04481330639429001,0.02430706626876023
surrogate↔surrogate,surrogate_sine_11p4yr_2,surrogate_sine_6mo_3,39,-->,0.021164504392537222,0.027872543636351103
surrogate↔surrogate,surrogate_sine_11p4yr_2,surrogate_sine_6mo_3,102,-->,0.0009345867739729412,0.03999873379744719
surrogate↔surrogate,surrogate_sine_11p4yr_2,surrogate_sine_6mo_3,134,-->,0.020619560635695856,-0.0279853689232294
surrogate↔surrogate,surrogate_sine_11p4yr_2,surrogate_sine_11p4yr_1,7,-->,0.000730836552893945,-0.043620251447912844
surrogate↔surrogate,surrogate_sine_11p4yr_2,surrogate_sine_11p4yr_1,43,-->,0.009297922301440347,-0.03147609328958122
surrogate↔surrogate,surrogate_sine_11p4yr_2,surrogate_sine_11p4yr_1,155,-->,0.0408792969592968,-0.026407341787455324
surrogate↔surrogate,surrogate_sine_11p4yr_2,surrogate_sine_11p4yr_2,1,-->,0.027753563478990932,0.029242367581826224
surrogate↔surrogate,surrogate_sine_11p4yr_2,surrogate_sine_11p4yr_2,4,-->,0.04322812678472512,0.02743922819324748
surrogate↔surrogate,surrogate_sine_11p4yr_2,surrogate_sine_11p4yr_2,9,-->,0.022757960767272014,0.0310180790154444
surrogate↔surrogate,surrogate_sine_11p4yr_2,surrogate_sine_11p4yr_2,14,-->,0.012027535521217748,0.03427776218295288
surrogate↔surrogate,surrogate_sine_11p4yr_2,surrogate_sine_11p4yr_2,48,-->,0.016715554574942792,0.03278148227941627
surrogate↔surrogate,surrogate_sine_11p4yr_2,surrogate_sine_11p4yr_2,77,-->,0.00007526637380216875,0.05421579225578518
surrogate↔surrogate,surrogate_sine_11p4yr_2,surrogate_sine_11p4yr_2,112,-->,0.00012678319582597937,0.0526260507099417
surrogate↔surrogate,surrogate_sine_11p4yr_2,surrogate_sine_11p4yr_2,156,-->,0.0012102373582370748,0.04453293087131818
surrogate↔surrogate,surrogate_sine_11p4yr_2,surrogate_sine_11p4yr_2,160,-->,0.002587643021021379,0.04153436880401811
surrogate↔surrogate,surrogate_sine_11p4yr_2,surrogate_sine_11p4yr_2,170,-->,0.03215478809163999,0.029471545134520764
surrogate↔surrogate,surrogate_sine_11p4yr_2,surrogate_sine_11p4yr_2,176,-->,0.04346450990191812,0.02777927259262711
surrogate↔surrogate,surrogate_sine_11p4yr_2,surrogate_sine_11p4yr_3,64,-->,0.03184298568875823,-0.027686985514206737
surrogate↔surrogate,surrogate_sine_11p4yr_2,surrogate_sine_11p4yr_3,88,-->,0.00026844392933580204,0.04693376938220689
surrogate→physical,surrogate_sine_11p4yr_3,log10rho_825_daily_mean,148,-->,0.029089295224119065,0.02485821827520096
surrogate↔surrogate,surrogate_sine_11p4yr_3,surrogate_white_noise_1,105,-->,0.009541876315736709,0.029508249238784555
surrogate↔surrogate,surrogate_sine_11p4yr_3,surrogate_white_noise_1,123,-->,0.038931021553413526,-0.023512614212473717
surrogate↔surrogate,surrogate_sine_11p4yr_3,surrogate_white_noise_1,173,-->,0.022313028840794412,-0.026070254160124304
surrogate↔surrogate,surrogate_sine_11p4yr_3,surrogate_white_noise_2,5,-->,0.008058306719936636,0.030210864754746724
surrogate↔surrogate,surrogate_sine_11p4yr_3,surrogate_white_noise_2,28,-->,0.0036353758803130704,0.03314884134870032
surrogate↔surrogate,surrogate_sine_11p4yr_3,surrogate_white_noise_2,84,-->,0.040069136135221034,-0.02339103163294026
surrogate↔surrogate,surrogate_sine_11p4yr_3,surrogate_white_noise_2,107,-->,0.00686621554497054,0.030802245222870072
surrogate↔surrogate,surrogate_sine_11p4yr_3,surrogate_white_noise_2,180,-->,0.024751183666851632,0.025572183896989755
surrogate↔surrogate,surrogate_sine_11p4yr_3,surrogate_white_noise_3,58,-->,0.0192909414986205,0.026647476443783794
surrogate↔surrogate,surrogate_sine_11p4yr_3,surrogate_white_noise_3,179,-->,0.02904018738674904,0.024872260803968576
surrogate↔surrogate,surrogate_sine_11p4yr_3,surrogate_white_noise_4,60,-->,0.0018875463323324104,0.0354134062530879
surrogate↔surrogate,surrogate_sine_11p4yr_3,surrogate_white_noise_5,124,-->,0.04810579427983423,0.022467509815611384
surrogate↔surrogate,surrogate_sine_11p4yr_3,surrogate_white_noise_5,153,-->,0.03756099455270364,-0.023640120076683424
surrogate↔surrogate,surrogate_sine_11p4yr_3,surrogate_sine_6mo_1,5,-->,0.001947998437513954,-0.03530943210250574
surrogate↔surrogate,surrogate_sine_11p4yr_3,surrogate_sine_6mo_1,36,-->,0.03726940858355594,0.02373314259149947
surrogate↔surrogate,surrogate_sine_11p4yr_3,surrogate_sine_6mo_1,66,-->,0.0033570337417065783,-0.033416393370141004
surrogate↔surrogate,surrogate_sine_11p4yr_3,surrogate_sine_6mo_1,95,-->,0.03355173998965522,-0.024206052878158527
surrogate↔surrogate,surrogate_sine_11p4yr_3,surrogate_sine_6mo_1,102,-->,0.011621263672748064,-0.02874107335844822
surrogate↔surrogate,surrogate_sine_11p4yr_3,surrogate_sine_6mo_1,123,-->,0.0027236402808015177,-0.03414657040523892
surrogate↔surrogate,surrogate_sine_11p4yr_3,surrogate_sine_6mo_2,25,-->,0.012063548626359388,-0.02857271085963019
surrogate↔surrogate,surrogate_sine_11p4yr_3,surrogate_sine_6mo_2,26,-->,0.011562427144007181,0.028746472922974657
surrogate↔surrogate,surrogate_sine_11p4yr_3,surrogate_sine_6mo_2,64,-->,0.0008052608605155189,-0.03813570787646209
surrogate↔surrogate,surrogate_sine_11p4yr_3,surrogate_sine_6mo_2,97,-->,0.012000568918127032,-0.02858262583661269
surrogate↔surrogate,surrogate_sine_11p4yr_3,surrogate_sine_6mo_2,137,-->,0.02609374411921006,0.02531144880086358
surrogate↔surrogate,surrogate_sine_11p4yr_3,surrogate_sine_6mo_3,86,-->,0.015175559583535985,-0.027584829252769415
surrogate↔surrogate,surrogate_sine_11p4yr_3,surrogate_sine_6mo_3,100,-->,0.005813363637267258,-0.03133162185143249
surrogate↔surrogate,surrogate_sine_11p4yr_3,surrogate_sine_6mo_3,128,-->,0.012720418665836416,0.028305938379215332
surrogate↔surrogate,surrogate_sine_11p4yr_3,surrogate_sine_6mo_3,156,-->,0.000876406771379246,0.03779490846360084
surrogate↔surrogate,surrogate_sine_11p4yr_3,surrogate_sine_6mo_3,170,-->,0.005036254003676352,-0.031862535421011126
surrogate↔surrogate,surrogate_sine_11p4yr_3,surrogate_sine_11p4yr_1,24,-->,0.013791541732555253,-0.02988699925682644
surrogate↔surrogate,surrogate_sine_11p4yr_3,surrogate_sine_11p4yr_1,49,-->,0.02216122983886698,-0.02778178720010648
surrogate↔surrogate,surrogate_sine_11p4yr_3,surrogate_sine_11p4yr_1,98,-->,0.03280581525211483,-0.02427429682836681
surrogate↔surrogate,surrogate_sine_11p4yr_3,surrogate_sine_11p4yr_1,123,-->,0.009738438542979838,-0.029384571617769875
surrogate↔surrogate,surrogate_sine_11p4yr_3,surrogate_sine_11p4yr_1,147,-->,0.0015592024136894388,-0.035970161085371585
surrogate↔surrogate,surrogate_sine_11p4yr_3,surrogate_sine_11p4yr_1,165,-->,0.02508136010213636,-0.027205795543450897
surrogate↔surrogate,surrogate_sine_11p4yr_3,surrogate_sine_11p4yr_1,178,-->,0.033833337447143896,-0.025762566218362874
surrogate↔surrogate,surrogate_sine_11p4yr_3,surrogate_sine_11p4yr_2,15,-->,0.022503301783892475,-0.029233916556584465
surrogate↔surrogate,surrogate_sine_11p4yr_3,surrogate_sine_11p4yr_2,25,-->,0.013677691343991353,-0.03182426235008166
surrogate↔surrogate,surrogate_sine_11p4yr_3,surrogate_sine_11p4yr_2,107,-->,0.018962304106528334,-0.03037323050286503
surrogate↔surrogate,surrogate_sine_11p4yr_3,surrogate_sine_11p4yr_2,140,-->,0.0467995468101462,-0.025729767938652226
surrogate↔surrogate,surrogate_sine_11p4yr_3,surrogate_sine_11p4yr_3,16,-->,0.014206066820839499,0.02971422671173877
surrogate↔surrogate,surrogate_sine_11p4yr_3,surrogate_sine_11p4yr_3,39,-->,0.019150738697853775,0.028407489687967
surrogate↔surrogate,surrogate_sine_11p4yr_3,surrogate_sine_11p4yr_3,60,-->,0.02667636470726571,0.026875714901648633
surrogate↔surrogate,surrogate_sine_11p4yr_3,surrogate_sine_11p4yr_3,81,-->,0.004380013469045692,0.034575657537853376
surrogate↔surrogate,surrogate_sine_11p4yr_3,surrogate_sine_11p4yr_3,90,-->,0.011856080982548863,0.03054128425711969
